Temperature,Molar Flow CO2 Initial,Molar Flow H2 Initial,Total Initial Molar Flow Rate,Conversion CO2,Volumetric Flow
523.15,0.005364,0.02682,5.36E-01,0.103097059,216.12
523.15,0.005364,0.05364,5.36E-01,0.128804927,216.12
523.15,0.005364,0.10728,5.36E-01,0.158321496,216.12
523.15,0.01341,0.05364,5.36E-01,0.059315913,216.12
523.15,0.01341,0.08046,5.36E-01,0.068519088,216.12
523.15,0.01341,0.10728,5.36E-01,0.073589002,216.12
