Temperature,Molar Flow CO2 Initial,Molar Flow H2 Initial,Total Initial Molar Flow Rate,Conversion CO2,Volumetric Flow
598.15,0.005364,0.02682,5.36E-01,0.449536048,216.12
598.15,0.005364,0.05364,5.36E-01,0.64353157,216.12
598.15,0.005364,0.10728,5.36E-01,0.726990814,216.12
598.15,0.01341,0.05364,5.36E-01,0.360776357,216.12
598.15,0.01341,0.08046,5.36E-01,0.456489072,216.12
598.15,0.01341,0.10728,5.36E-01,0.520682138,216.12
598.15,0.021456,0.085824,5.36E-01,0.338366713,216.12
598.15,0.021456,0.10728,5.36E-01,0.389645314,216.12
