Temperature,Molar Flow CO2 Initial,Molar Flow H2 Initial,Total Initial Molar Flow Rate,Conversion CO2,Volumetric Flow,E_a,A
523.15,0.005364,0.02682,5.36E-01,0.103097059,216.12,0.787688,0.043299
543.15,0.005364,0.02682,5.36E-01,0.19398986,216.12,0.787688,0.043299
558.15,0.005364,0.02682,5.36E-01,0.253127917,216.12,0.787688,0.043299
573.15,0.005364,0.02682,5.36E-01,0.36308552,216.12,0.797136,0.058322
598.15,0.005364,0.02682,5.36E-01,0.449536048,216.12,0.697312,0.086499
