Temperature,Concentration CO2,Molar Flow H2 Initial,Total Initial Molar Flow Rate,Conversion CO2,Volumetric Flow,CO2,H2
573.15,0.005364,0.02682,5.36E-01,0.36308552,216.12,1.00E-02,5.00E-02
573.15,0.005364,0.05364,5.36E-01,0.50690567,216.12,1.00E-02,1.00E-01
573.15,0.005364,0.10728,5.36E-01,0.59517524,216.12,1.00E-02,2.00E-01
