Temperature,Concentration CO2,Molar Flow H2 Initial,Total Initial Molar Flow Rate,Conversion CO2,Volumetric Flow,CO2,H2
573.15,0.005364,0.10728,5.36E-01,0.59517524,216.12,1.00E-02,2.00E-01
573.15,0.01341,0.10728,5.36E-01,0.34737051,216.12,2.50E-02,2.00E-01
573.15,0.021456,0.10728,5.36E-01,0.2468455,216.12,4.00E-02,2.00E-01
