T,alpha fit,beta fit,SSE
250,0.3577166,0.201229,7.95E-05
270,0.404285,0.154311397,4.04E-05
285,0.5182,0.0695605,0.000128
